Problem Name,Extra Clauses in Generated Result,Missing Clauses in Generated Result,Generated Result,Ground Truth
72.c,NO_CORRECT_RESPONSE,NO_CORRECT_RESPONSE,NO_CORRECT_RESPONSE,(define-fun inv-f ((c Int) (y Int) (z Int) (tmp Int) (c_0 Int) (c_1 Int) (c_2 Int) (c_3 Int) (c_4 Int) (y_0 Int) (z_0 Int) (z_1 Int) (z_2 Int) (z_3 Int) (z_4 Int)) Bool false)
10_conf1,(<= 0 x); (=> (= 0 y) (<= x 2)),(or (not (and (= 0 y_1) (= 4 x_1))) (not (and (= conf_0 conf_0_1) (= x x_1) (= y y_1)))),(define-fun InvF ((conf_0 Int) (x Int) (y Int) (tmp Int) (conf_0_0 Int) (conf_0_1 Int) (conf_0_2 Int) (conf_0_3 Int) (x_0 Int) (x_1 Int) (x_2 Int) (y_0 Int) (y_1 Int) (y_2 Int)) Bool (and (>= x 0) (>= y 0) (=> (= y 0) (<= x 2)))),(define-fun inv-f ((conf_0 Int) (x Int) (y Int) (tmp Int) (conf_0_0 Int) (conf_0_1 Int) (conf_0_2 Int) (conf_0_3 Int) (x_0 Int) (x_1 Int) (x_2 Int) (y_0 Int) (y_1 Int) (y_2 Int)) Bool (and (or (not (and (= y_1 0) (= x_1 4))) (not (and (= conf_0 conf_0_1) (= x x_1) (= y y_1)))) (>= y 0)))
95_conf1,(= 1 y); (= i j),(= (* i y) j),(define-fun InvF ((i Int) (j Int) (conf_0 Int) (x Int) (y Int) (i_0 Int) (i_1 Int) (i_2 Int) (i_3 Int) (j_0 Int) (j_1 Int) (j_2 Int) (j_3 Int) (conf_0_0 Int) (conf_0_1 Int) (conf_0_2 Int) (conf_0_3 Int) (x_0 Int) (y_0 Int) (y_1 Int)) Bool (and (= y 1) (= i j))),(define-fun inv-f ((i Int) (j Int) (conf_0 Int) (x Int) (y Int) (i_0 Int) (i_1 Int) (i_2 Int) (i_3 Int) (j_0 Int) (j_1 Int) (j_2 Int) (j_3 Int) (conf_0_0 Int) (conf_0_1 Int) (conf_0_2 Int) (conf_0_3 Int) (x_0 Int) (y_0 Int) (y_1 Int)) Bool (= j (* i y)))
simple_vardep_true-unreach-call2_true-termination,NONE,(<= 0 i); (<= 0 j); (<= 0 k),(define-fun InvF ((i Int) (j Int) (k Int)) Bool (and (= k (* 3 i)) (= j (* 2 i)))),(define-fun InvF ((i Int) (j Int) (k Int)) Bool (and (>= i 0) (>= j 0) (>= k 0) (= k (* 3 i)) (= j (* 2 i))))
treax1,NONE,NONE,(define-fun InvF ((x Int) (y Int)) Bool (>= x 1)),(define-fun inv_fun ((x Int) (y Int)) Bool (<= 1 x))
102_conf1,(or (<= x n) (and (= 0 x) (= 9 conf_0))),(or (not (and (<= 0 n_0) (not (< x_2 n_0)) (not (= n_0 x_2)))) (not (and (= conf_0 conf_0_1) (= n n_0) (= x x_2)))),(define-fun InvF ((conf_0 Int) (n Int) (x Int) (conf_0_0 Int) (conf_0_1 Int) (conf_0_2 Int) (n_0 Int) (x_0 Int) (x_1 Int) (x_2 Int) (x_3 Int)) Bool (or (and (= conf_0 9) (= x 0)) (<= x n))),(define-fun inv-f ((conf_0 Int) (n Int) (x Int) (conf_0_0 Int) (conf_0_1 Int) (conf_0_2 Int) (n_0 Int) (x_0 Int) (x_1 Int) (x_2 Int) (x_3 Int)) Bool (or (not (and (= conf_0 conf_0_1) (= n n_0) (= x x_2))) (not (and (not (< x_2 n_0)) (>= n_0 0) (not (= x_2 n_0))))))
netbsd_loop_true-unreach-call_true-termination,(= MAXPATHLEN bound_off); (= 0 glob2_pathbuf_off); (= MAXPATHLEN glob2_pathlim_off); (= 0 glob2_p_off),(= (- (+ pathbuf_off (+ MAXPATHLEN 1)) 1) bound_off); (<= 0 glob2_p_off); (<= glob2_p_off (+ MAXPATHLEN 1)); (<= glob2_p_off glob2_pathlim_off); (<= glob2_pathlim_off bound_off); (= glob2_pathbuf_off pathbuf_off); (= glob2_p_off glob2_pathbuf_off); (= (- (+ pathbuf_off (+ MAXPATHLEN 1)) 1) glob2_pathlim_off),(define-fun InvF ((MAXPATHLEN Int) (pathbuf_off Int) (bound_off Int) (glob2_p_off Int) (glob2_pathbuf_off Int) (glob2_pathlim_off Int)) Bool (and (> MAXPATHLEN 0) (< MAXPATHLEN 2147483647) (= pathbuf_off 0) (= bound_off MAXPATHLEN) (= glob2_pathbuf_off 0) (= glob2_pathlim_off MAXPATHLEN) (= glob2_p_off 0))),(define-fun InvF ((MAXPATHLEN Int) (pathbuf_off Int) (bound_off Int) (glob2_p_off Int) (glob2_pathbuf_off Int) (glob2_pathlim_off Int)) Bool (and (> MAXPATHLEN 0) (< MAXPATHLEN 2147483647) (= pathbuf_off 0) (= bound_off (- (+ pathbuf_off (+ MAXPATHLEN 1)) 1)) (<= 0 glob2_p_off) (<= glob2_p_off (+ MAXPATHLEN 1)) (<= glob2_p_off glob2_pathlim_off) (<= glob2_pathlim_off bound_off) (= glob2_pathbuf_off pathbuf_off) (= glob2_p_off glob2_pathbuf_off) (= glob2_pathlim_off (- (+ pathbuf_off (+ MAXPATHLEN 1)) 1))))
131_conf1,(= 1 d1); (= 1 d2); (<= 0 x1); (or (< 0 x1) (<= 0 x3)),(or (<= 0 x3) (= 1 x1)),(define-fun InvF ((d1 Int) (d2 Int) (d3 Int) (conf_0 Int) (x1 Int) (x2 Int) (x3 Int) (d1_0 Int) (d1_1 Int) (d2_0 Int) (d2_1 Int) (d3_0 Int) (d3_1 Int) (conf_0_0 Int) (conf_0_1 Int) (conf_0_2 Int) (conf_0_3 Int) (conf_0_4 Int) (conf_0_5 Int) (x1_0 Int) (x1_1 Int) (x1_2 Int) (x1_3 Int) (x1_4 Int) (x2_0 Int) (x2_1 Int) (x2_2 Int) (x2_3 Int) (x3_0 Int) (x3_1 Int) (x3_2 Int) (x3_3 Int)) Bool (and (= d1 1) (= d2 1) (= d3 1) (>= x1 0) (or (> x1 0) (>= x3 0)))),(define-fun inv-f ((d1 Int) (d2 Int) (d3 Int) (conf_0 Int) (x1 Int) (x2 Int) (x3 Int) (d1_0 Int) (d1_1 Int) (d2_0 Int) (d2_1 Int) (d3_0 Int) (d3_1 Int) (conf_0_0 Int) (conf_0_1 Int) (conf_0_2 Int) (conf_0_3 Int) (conf_0_4 Int) (conf_0_5 Int) (x1_0 Int) (x1_1 Int) (x1_2 Int) (x1_3 Int) (x1_4 Int) (x2_0 Int) (x2_1 Int) (x2_2 Int) (x2_3 Int) (x3_0 Int) (x3_1 Int) (x3_2 Int) (x3_3 Int)) Bool (and (= 1 d3) (or (= 1 x1) (>= x3 0))))
100.c,(<= 0 x),(<= y n),(define-fun InvF ((n Int) (x Int) (y Int) (n_0 Int) (x_0 Int) (x_1 Int) (x_2 Int) (x_3 Int) (y_0 Int) (y_1 Int) (y_2 Int) (y_3 Int)) Bool (and (= (+ x y) n) (>= x 0))),(define-fun inv-f ((n Int) (x Int) (y Int) (n_0 Int) (x_0 Int) (x_1 Int) (x_2 Int) (x_3 Int) (y_0 Int) (y_1 Int) (y_2 Int) (y_3 Int)) Bool (and (>= n y) (= (+ x y) n)))
66_conf1,(<= 1 conf_0); (or (< x 101) (< y 100)),(or (and (<= x_2 100) (= (+ conf_0_2 conf_0_2) conf_0_3) (= (+ x_2 1) x_3) (= (- 100 x_2) y_2) (= 575 conf_0_2) (= conf_0 conf_0_1) (= conf_0 conf_0_3) (= x x_2) (= y y_1) (= y y_2)) (and (= 1 conf_0_0) (= 1 x_1) (= conf_0 conf_0_0) (= x x_1)) (not (and (= conf_0 conf_0_1) (= x x_2) (= y y_1))) (not (and (not (< y_1 100)) (not (<= x_2 100))))),(define-fun InvF ((conf_0 Int) (x Int) (y Int) (conf_0_0 Int) (conf_0_1 Int) (conf_0_2 Int) (conf_0_3 Int) (x_0 Int) (x_1 Int) (x_2 Int) (x_3 Int) (y_0 Int) (y_1 Int) (y_2 Int)) Bool (and (<= 1 conf_0) (or (< x 101) (< y 100)))),(define-fun inv-f ((conf_0 Int) (x Int) (y Int) (conf_0_0 Int) (conf_0_1 Int) (conf_0_2 Int) (conf_0_3 Int) (x_0 Int) (x_1 Int) (x_2 Int) (x_3 Int) (y_0 Int) (y_1 Int) (y_2 Int)) Bool (or (and (= conf_0 conf_0_0) (= x x_1) (= conf_0_0 1) (= x_1 1)) (and (= conf_0_1 conf_0) (= x_2 x) (= y_1 y) (<= x_2 100) (= y_2 (- 100 x_2)) (= conf_0_2 575) (= x_3 (+ x_2 1)) (= conf_0_3 (+ conf_0_2 conf_0_2)) (= conf_0_3 conf_0) (= y_2 y)) (not (and (= conf_0 conf_0_1) (= x x_2) (= y y_1))) (not (and (not (<= x_2 100)) (not (< y_1 100))))))
array,(or (and (< x 5) (< z y) (<= 0 x)) (not (and (< z y) (<= 5 x)))),(or (< x 5) (<= y z)),(define-fun InvF ((x Int) (y Int) (z Int)) Bool (or (and (< z y) (>= x 0) (< x 5)) (not (and (>= x 5) (< z y))))),(define-fun inv_fun ((x Int) (y Int) (z Int)) Bool (or (< x 5) (>= z y)))
45.c,(<= 0 c),(or (and (< 0 n) (= 0 c)) (and (< c n) (<= 0 c)) (and (< n c) (<= 0 n)) (and (<= 0 c) (= c n))),(define-fun InvF ((c Int) (n Int) (tmp Int) (c_0 Int) (c_1 Int) (c_2 Int) (c_3 Int) (c_4 Int) (c_5 Int) (n_0 Int)) Bool (>= c 0)),(define-fun inv-f ((c Int) (n Int) (tmp Int) (c_0 Int) (c_1 Int) (c_2 Int) (c_3 Int) (c_4 Int) (c_5 Int) (n_0 Int)) Bool (or (and (= c 0) (> n 0)) (and (= c n) (>= c 0)) (and (< c n) (>= c 0)) (and (> c n) (>= n 0))))
37.c,(<= 0 c); (<= c 40),(or (and (<= 0 c_2) (<= c_2 40) (= c c_2) (or (= c_1 c_2) (= c_2 c_3) (= c_2 c_4) (= c_2 c_5))) (not (and (< 40 c_2) (< c_2 0) (not (= 40 c_2))))),(define-fun InvF ((c Int) (tmp Int) (c_0 Int) (c_1 Int) (c_2 Int) (c_3 Int) (c_4 Int) (c_5 Int)) Bool (and (>= c 0) (<= c 40))),(define-fun inv-f ((c Int) (tmp Int) (c_0 Int) (c_1 Int) (c_2 Int) (c_3 Int) (c_4 Int) (c_5 Int)) Bool (or (and (= c_2 c) (<= c_2 40) (>= c_2 0) (or (= c_2 c_1) (= c_2 c_3) (= c_2 c_4) (= c_2 c_5))) (not (and (< c_2 0) (> c_2 40) (not (= c_2 40))))))
47_conf1,(<= 0 n),(not (and (< c 0) (< n c) (not (= c n)))),(define-fun InvF ((c Int) (conf_0 Int) (n Int) (tmp Int) (c_0 Int) (c_1 Int) (c_2 Int) (c_3 Int) (c_4 Int) (c_5 Int) (conf_0_0 Int) (conf_0_1 Int) (conf_0_2 Int) (conf_0_3 Int) (conf_0_4 Int) (n_0 Int)) Bool (>= n 0)),(define-fun inv-f ((c Int) (conf_0 Int) (n Int) (tmp Int) (c_0 Int) (c_1 Int) (c_2 Int) (c_3 Int) (c_4 Int) (c_5 Int) (conf_0_0 Int) (conf_0_1 Int) (conf_0_2 Int) (conf_0_3 Int) (conf_0_4 Int) (n_0 Int)) Bool (not (and (< c 0) (> c n) (not (= c n)))))
49_conf5,(<= 0 c),(<= 1 conf_0); (<= 5 conf_1); (<= 9 conf_2); (<= 4 conf_3); (<= 5 conf_4),(define-fun InvF ((c Int) (conf_0 Int) (conf_1 Int) (conf_2 Int) (conf_3 Int) (conf_4 Int) (n Int) (tmp Int) (c_0 Int) (c_1 Int) (c_2 Int) (c_3 Int) (c_4 Int) (c_5 Int) (conf_0_0 Int) (conf_1_0 Int) (conf_2_0 Int) (conf_3_0 Int) (conf_4_0 Int) (conf_4_1 Int) (conf_4_2 Int) (conf_4_3 Int) (conf_4_4 Int) (n_0 Int)) Bool (and (>= c 0) (> n 0))),(define-fun inv-f ((c Int) (conf_0 Int) (conf_1 Int) (conf_2 Int) (conf_3 Int) (conf_4 Int) (n Int) (tmp Int) (c_0 Int) (c_1 Int) (c_2 Int) (c_3 Int) (c_4 Int) (c_5 Int) (conf_0_0 Int) (conf_1_0 Int) (conf_2_0 Int) (conf_3_0 Int) (conf_4_0 Int) (conf_4_1 Int) (conf_4_2 Int) (conf_4_3 Int) (conf_4_4 Int) (n_0 Int)) Bool (and (<= 1 conf_0) (<= 5 conf_1) (<= 9 conf_2) (<= 4 conf_3) (<= 5 conf_4) (> n 0)))
sendmail-close-angle_true-unreach-call_true-termination,(< 1 bufferlen); (< 0 inlen); (< bufferlen inlen); (= buf in); (< buf bufferlen),(<= 0 in); (<= 0 inlen); (<= 2 bufferlen); (<= buf (+ inlen bufferlen buflim)),(define-fun InvF ((in Int) (inlen Int) (bufferlen Int) (buf Int) (buflim Int)) Bool (and (> bufferlen 1) (> inlen 0) (< bufferlen inlen) (= buflim (- bufferlen 2)) (= buf in) (>= buf 0) (<= buf buflim) (< buf bufferlen))),(define-fun InvF ((in Int) (inlen Int) (bufferlen Int) (buf Int) (buflim Int)) Bool (and (>= in 0) (>= inlen 0) (>= bufferlen 2) (= buflim (- bufferlen 2)) (<= buf buflim) (<= 0 buf) (<= buf (+ inlen bufferlen buflim))))
45_conf5,(= 1 conf_0); (= 1 conf_3); (= 2 conf_4); (< 0 n),NONE,(define-fun InvF ((c Int) (conf_0 Int) (conf_1 Int) (conf_2 Int) (conf_3 Int) (conf_4 Int) (n Int) (tmp Int) (c_0 Int) (c_1 Int) (c_2 Int) (c_3 Int) (c_4 Int) (c_5 Int) (conf_0_0 Int) (conf_1_0 Int) (conf_1_1 Int) (conf_1_2 Int) (conf_1_3 Int) (conf_2_0 Int) (conf_2_1 Int) (conf_2_2 Int) (conf_2_3 Int) (conf_3_0 Int) (conf_4_0 Int) (n_0 Int)) Bool (and (= conf_0 1) (= conf_3 1) (= conf_4 2) (> n 0) (>= c 0))),(define-fun inv-f ((c Int) (conf_0 Int) (conf_1 Int) (conf_2 Int) (conf_3 Int) (conf_4 Int) (n Int) (tmp Int) (c_0 Int) (c_1 Int) (c_2 Int) (c_3 Int) (c_4 Int) (c_5 Int) (conf_0_0 Int) (conf_1_0 Int) (conf_1_1 Int) (conf_1_2 Int) (conf_1_3 Int) (conf_2_0 Int) (conf_2_1 Int) (conf_2_2 Int) (conf_2_3 Int) (conf_3_0 Int) (conf_4_0 Int) (n_0 Int)) Bool (>= c 0))
vardep,NONE,(or (< x y) (< x z) (= (- y x) 2) (= (- z x) 3) (= 0 x)),(define-fun InvF ((x Int) (y Int) (z Int)) Bool (and (>= x 0) (>= y 0) (>= z 0))),(define-fun inv_fun ((x Int) (y Int) (z Int)) Bool (and (>= x 0) (>= y 0) (>= z 0) (or (= x 0) (> y x) (= (- y x) 2) (> z x) (= (- z x) 3))))
84_conf1,(or (and (= (- 50) x) (= 6 conf_0)) (not (and (= conf_0 conf_0_1) (= x x_2) (= y y_1))) (not (and (not (< 0 y_1)) (not (< x_2 0))))),(=> (and (<= 0 x_2) (<= y_1 0) (= conf_0 conf_0_1) (= x x_2) (= y y_1)) (and (= (+ conf_0_1 555) conf_0_2) (= (+ x_2 y_1) x_3) (= (+ y_1 1) y_2) (= (- 259 conf_0_2) conf_0_3) (= (- 50) x_1) (= 6 conf_0_0) (= conf_0 conf_0_0) (= x x_1))),(define-fun InvF ((conf_0 Int) (x Int) (y Int) (conf_0_0 Int) (conf_0_1 Int) (conf_0_2 Int) (conf_0_3 Int) (x_0 Int) (x_1 Int) (x_2 Int) (x_3 Int) (y_0 Int) (y_1 Int) (y_2 Int)) Bool (or (and (= conf_0 6) (= x (- 50))) (not (and (= conf_0 conf_0_1) (= x x_2) (= y y_1))) (not (and (not (< x_2 0)) (not (> y_1 0)))))),(define-fun inv-f ((conf_0 Int) (x Int) (y Int) (conf_0_0 Int) (conf_0_1 Int) (conf_0_2 Int) (conf_0_3 Int) (x_0 Int) (x_1 Int) (x_2 Int) (x_3 Int) (y_0 Int) (y_1 Int) (y_2 Int)) Bool (=> (and (= conf_0 conf_0_1) (= x x_2) (= y y_1) (>= x_2 0) (<= y_1 0)) (and (= x_3 (+ x_2 y_1)) (= conf_0_2 (+ conf_0_1 555)) (= y_2 (+ y_1 1)) (= conf_0_3 (- 259 conf_0_2)) (= conf_0 conf_0_0) (= x x_1) (= conf_0_0 6) (= x_1 (- 50)))))
16_conf1,(<= 0 m); (<= 0 x),(or (= 0 n) (and (<= 0 m) (<= 0 x))),(define-fun InvF ((conf_0 Int) (m Int) (n Int) (x Int) (tmp Int) (conf_0_0 Int) (conf_0_1 Int) (conf_0_2 Int) (conf_0_3 Int) (conf_0_4 Int) (m_0 Int) (m_1 Int) (m_2 Int) (m_3 Int) (m_4 Int) (n_0 Int) (x_0 Int) (x_1 Int) (x_2 Int) (x_3 Int)) Bool (and (>= m 0) (>= x 0))),(define-fun inv-f ((conf_0 Int) (m Int) (n Int) (x Int) (tmp Int) (conf_0_0 Int) (conf_0_1 Int) (conf_0_2 Int) (conf_0_3 Int) (conf_0_4 Int) (m_0 Int) (m_1 Int) (m_2 Int) (m_3 Int) (m_4 Int) (n_0 Int) (x_0 Int) (x_1 Int) (x_2 Int) (x_3 Int)) Bool (or (= n 0) (and (<= 0 x) (<= 0 m))))
64_conf1,(or (and (<= x_2 10) (= (+ 686 conf_0_2) conf_0_3) (= (+ x_2 1) x_3) (= (- 10 x_2) y_2) (= conf_0 conf_0_1) (= conf_0 conf_0_3) (= conf_0_1 conf_0_2) (= x x_2) (= y y_1) (= y y_2)) (and (= 1 x_1) (= 2 conf_0_0) (= conf_0 conf_0_0) (= x x_1)) (not (and (= conf_0 conf_0_1) (= x x_2) (= y y_1))) (not (and (not (< y_1 10)) (not (<= x_2 10))))),(<= 2 conf_0); (or (< x 11) (< y 10)),(define-fun InvF ((conf_0 Int) (x Int) (y Int) (conf_0_0 Int) (conf_0_1 Int) (conf_0_2 Int) (conf_0_3 Int) (x_0 Int) (x_1 Int) (x_2 Int) (x_3 Int) (y_0 Int) (y_1 Int) (y_2 Int)) Bool (or (and (= conf_0 conf_0_0) (= x x_1) (= conf_0_0 2) (= x_1 1)) (and (= conf_0_1 conf_0) (= x_2 x) (= y_1 y) (<= x_2 10) (= y_2 (- 10 x_2)) (= conf_0_2 conf_0_1) (= x_3 (+ x_2 1)) (= conf_0_3 (+ 686 conf_0_2)) (= conf_0_3 conf_0) (= y_2 y)) (not (and (= conf_0 conf_0_1) (= x x_2) (= y y_1))) (not (and (not (<= x_2 10)) (not (< y_1 10)))))),(define-fun inv-f ((conf_0 Int) (x Int) (y Int) (conf_0_0 Int) (conf_0_1 Int) (conf_0_2 Int) (conf_0_3 Int) (x_0 Int) (x_1 Int) (x_2 Int) (x_3 Int) (y_0 Int) (y_1 Int) (y_2 Int)) Bool (and (<= 2 conf_0) (or (< x 11) (< y 10))))
97_conf5,(= (* i y) j),(= 2 y),(define-fun InvF ((i Int) (j Int) (conf_0 Int) (conf_1 Int) (conf_2 Int) (conf_3 Int) (conf_4 Int) (x Int) (y Int) (i_0 Int) (i_1 Int) (i_2 Int) (i_3 Int) (j_0 Int) (j_1 Int) (j_2 Int) (j_3 Int) (conf_0_0 Int) (conf_0_1 Int) (conf_0_2 Int) (conf_1_0 Int) (conf_2_0 Int) (conf_3_0 Int) (conf_4_0 Int) (conf_4_1 Int) (conf_4_2 Int) (x_0 Int) (y_0 Int) (y_1 Int)) Bool (= j (* i y))),(define-fun inv-f ((i Int) (j Int) (conf_0 Int) (conf_1 Int) (conf_2 Int) (conf_3 Int) (conf_4 Int) (x Int) (y Int) (i_0 Int) (i_1 Int) (i_2 Int) (i_3 Int) (j_0 Int) (j_1 Int) (j_2 Int) (j_3 Int) (conf_0_0 Int) (conf_0_1 Int) (conf_0_2 Int) (conf_1_0 Int) (conf_2_0 Int) (conf_3_0 Int) (conf_4_0 Int) (conf_4_1 Int) (conf_4_2 Int) (x_0 Int) (y_0 Int) (y_1 Int)) Bool (= y 2))
for_bounded_loop1_false-unreach-call_true-termination,(< i n),(or (< i n) (= 0 x)),(define-fun InvF ((i Int) (x Int) (y Int) (n Int)) Bool (< i n)),(define-fun InvF ((i Int) (x Int) (y Int) (n Int)) Bool (or (< i n) (= x 0)))
count_by_1_true-unreach-call_true-termination,(<= 0 i),NONE,(define-fun InvF ((i Int)) Bool (and (<= 0 i) (<= i 1000000))),(define-fun InvF ((i Int)) Bool (or (< i 1000000) (= i 1000000)))
29_conf1,(=> (<= 0 n) (<= 0 x)),(or (<= 0 x) (and (= 9 conf_0) (= n x))),(define-fun InvF ((conf_0 Int) (n Int) (x Int) (conf_0_0 Int) (conf_0_1 Int) (conf_0_2 Int) (n_0 Int) (x_0 Int) (x_1 Int) (x_2 Int) (x_3 Int)) Bool (=> (>= n 0) (>= x 0))),(define-fun inv-f ((conf_0 Int) (n Int) (x Int) (conf_0_0 Int) (conf_0_1 Int) (conf_0_2 Int) (n_0 Int) (x_0 Int) (x_1 Int) (x_2 Int) (x_3 Int)) Bool (or (and (= conf_0 9) (= x n)) (>= x 0)))
fib_19,(< m n); (<= 0 x); (<= x n); (or (and (< m x) (= x y)) (and (<= x m) (= m y))),(or (= n y) (not (<= n x))); (or (= m y) (= x y)); (<= m y); (or (= n x) (and (<= x y) (not (<= n y)))),(define-fun InvF ((n Int) (m Int) (x Int) (y Int)) Bool (and (>= m 0) (< m n) (>= x 0) (<= x n) (or (and (<= x m) (= y m)) (and (> x m) (= y x))))),(define-fun inv_fun ((n Int) (m Int) (x Int) (y Int)) Bool (and (or (not (<= n x)) (= y n)) (or (= m y) (= x y)) (>= y m) (>= m 0) (or (= n x) (and (>= y x) (not (<= n y))))))
cegar2,NONE,NONE,(define-fun InvF ((x Int) (n Int) (m Int)) Bool (and (not (and (not (<= n 0)) (<= n m))) (>= x m) (>= m 0))),(define-fun inv_fun ((x Int) (n Int) (m Int)) Bool (and (not (and (not (<= n 0)) (<= n m))) (>= x m) (>= m 0)))
inria-00615623_4,(<= 0 i); (<= i n); (or (< i n) (not (= 0 b))),(<= 0 i n); (=> (= 0 b) (< i n)),(define-fun InvF ((i Int) (b Int) (n Int)) Bool (and (<= 0 i) (<= i n) (or (< i n) (not (= b 0))))),(define-fun inv_fun ((i Int) (b Int) (n Int)) Bool (and (<= 0 i n) (=> (= b 0) (< i n))))
hola.05,(= x y),(<= x y),(define-fun InvF ((x Int) (y Int) (i Int) (j Int)) Bool (and (>= j i) (= x y))),(define-fun inv_fun ((x Int) (y Int) (i Int) (j Int)) Bool (and (<= i j) (<= x y)))
4_conf5,(<= 0 x); (<= x 500); (or (<= y z) (= 0 x)),(or (< x 500) (<= y z)),(define-fun InvF ((conf_0 Int) (conf_1 Int) (conf_2 Int) (conf_3 Int) (conf_4 Int) (x Int) (y Int) (z Int) (conf_0_0 Int) (conf_1_0 Int) (conf_2_0 Int) (conf_3_0 Int) (conf_3_1 Int) (conf_3_2 Int) (conf_3_3 Int) (conf_3_4 Int) (conf_4_0 Int) (x_0 Int) (x_1 Int) (x_2 Int) (x_3 Int) (y_0 Int) (y_1 Int) (y_2 Int) (y_3 Int) (z_0 Int)) Bool (and (>= x 0) (<= x 500) (or (= x 0) (<= y z)))),(define-fun inv-f ((conf_0 Int) (conf_1 Int) (conf_2 Int) (conf_3 Int) (conf_4 Int) (x Int) (y Int) (z Int) (conf_0_0 Int) (conf_1_0 Int) (conf_2_0 Int) (conf_3_0 Int) (conf_3_1 Int) (conf_3_2 Int) (conf_3_3 Int) (conf_3_4 Int) (conf_4_0 Int) (x_0 Int) (x_1 Int) (x_2 Int) (x_3 Int) (y_0 Int) (y_1 Int) (y_2 Int) (y_3 Int) (z_0 Int)) Bool (or (< x 500) (>= z y)))
65.c,(or (and (<= x_1 100) (= (+ x_1 1) x_2) (= (- 100 x_1) y_2) (= x x_1) (= x x_2) (= y y_1) (= y y_2)) (and (= 1 x_0) (= x x_0)) (not (and (= x x_1) (= y y_1))) (not (and (not (<= 0 y_1)) (not (<= x_1 100))))),(or (<= 0 y) (<= x 1)),(define-fun InvF ((x Int) (y Int) (x_0 Int) (x_1 Int) (x_2 Int) (y_0 Int) (y_1 Int) (y_2 Int)) Bool (or (and (= x x_0) (= x_0 1)) (and (= x_1 x) (= y_1 y) (<= x_1 100) (= y_2 (- 100 x_1)) (= x_2 (+ x_1 1)) (= x_2 x) (= y_2 y)) (not (and (= x x_1) (= y y_1))) (not (and (not (<= x_1 100)) (not (>= y_1 0)))))),(define-fun inv-f ((x Int) (y Int) (x_0 Int) (x_1 Int) (x_2 Int) (y_0 Int) (y_1 Int) (y_2 Int)) Bool (or (>= y 0) (<= x 1)))
fib_43,NONE,NONE,(define-fun InvF ((i Int) (t Int) (x Int) (y Int)) Bool (and (>= y t) (= i 0))),(define-fun inv_fun ((i Int) (t Int) (x Int) (y Int)) Bool (and (>= y t) (= i 0)))
51.c,(<= 0 c); (<= c 4),(or (= 0 c) (= 1 c) (= 2 c) (= 3 c) (= 4 c)),(define-fun InvF ((c Int) (tmp Int) (c_0 Int) (c_1 Int) (c_2 Int) (c_3 Int) (c_4 Int) (c_5 Int)) Bool (and (>= c 0) (<= c 4))),(define-fun inv-f ((c Int) (tmp Int) (c_0 Int) (c_1 Int) (c_2 Int) (c_3 Int) (c_4 Int) (c_5 Int)) Bool (or (= c 0) (= c 1) (= c 2) (= c 3) (= c 4)))
39.c,(<= c n); (< 0 n),(<= 0 n),(define-fun InvF ((c Int) (n Int) (tmp Int) (c_0 Int) (c_1 Int) (c_2 Int) (c_3 Int) (c_4 Int) (n_0 Int)) Bool (and (>= c 0) (<= c n) (> n 0))),(define-fun inv-f ((c Int) (n Int) (tmp Int) (c_0 Int) (c_1 Int) (c_2 Int) (c_3 Int) (c_4 Int) (n_0 Int)) Bool (and (>= c 0) (>= n 0)))
formula27,(and (<= x1 (+ x4 1)) (and (= x2 x3) (and (= 0 x5) (or (<= x2 (- 1)) (<= x4 (+ x2 2)))))),(<= x1 (+ x4 1)); (or (<= x2 (- 1)) (<= x4 (+ x2 2))); (= x2 x3); (= 0 x5),(define-fun InvF ((x1 Int) (x2 Int) (x3 Int) (x4 Int) (x5 Int)) Bool (and (<= 0 x1) (and (<= x1 (+ x4 1)) (and (= x2 x3) (and (= 0 x5) (or (<= x2 (- 1)) (<= x4 (+ x2 2)))))))),(define-fun inv_fun ((x1 Int) (x2 Int) (x3 Int) (x4 Int) (x5 Int)) Bool (and (>= x1 0) (<= x1 (+ x4 1)) (or (<= x2 (- 1)) (<= x4 (+ x2 2))) (= x2 x3) (= x5 0)))
100_conf5,(<= 0 x),(<= 0 n); (<= y n),(define-fun InvF ((conf_0 Int) (conf_1 Int) (conf_2 Int) (conf_3 Int) (conf_4 Int) (n Int) (x Int) (y Int) (conf_0_0 Int) (conf_1_0 Int) (conf_1_1 Int) (conf_1_2 Int) (conf_2_0 Int) (conf_2_1 Int) (conf_2_2 Int) (conf_3_0 Int) (conf_4_0 Int) (n_0 Int) (x_0 Int) (x_1 Int) (x_2 Int) (x_3 Int) (y_0 Int) (y_1 Int) (y_2 Int) (y_3 Int)) Bool (and (= (+ x y) n) (>= x 0))),(define-fun inv-f ((conf_0 Int) (conf_1 Int) (conf_2 Int) (conf_3 Int) (conf_4 Int) (n Int) (x Int) (y Int) (conf_0_0 Int) (conf_1_0 Int) (conf_1_1 Int) (conf_1_2 Int) (conf_2_0 Int) (conf_2_1 Int) (conf_2_2 Int) (conf_3_0 Int) (conf_4_0 Int) (n_0 Int) (x_0 Int) (x_1 Int) (x_2 Int) (x_3 Int) (y_0 Int) (y_1 Int) (y_2 Int) (y_3 Int)) Bool (and (>= n 0) (<= y n) (= (+ x y) n)))
inc_simp,(or (< n 0) (<= x n)),(or (and (< n 0) (= 0 x)) (and (<= 0 n) (<= x n))),(define-fun InvF ((x Int) (n Int)) Bool (or (<= x n) (< n 0))),(define-fun inv_fun ((x Int) (n Int)) Bool (or (and (<= x n) (>= n 0)) (and (< n 0) (= x 0))))
bkley,NONE,NONE,(define-fun InvF ((invalid Int) (unowned Int) (nonexclusive Int) (exclusive Int) (RETURN Int)) Bool (=> (= RETURN 0) (and (>= exclusive 0) (>= unowned 0) (>= (+ invalid unowned exclusive nonexclusive) 1)))),(define-fun inv_fun ((invalid Int) (unowned Int) (nonexclusive Int) (exclusive Int) (RETURN Int)) Bool (=> (= RETURN 0) (and (>= exclusive 0) (>= unowned 0) (>= (+ invalid unowned exclusive nonexclusive) 1))))
formula25,(<= (+ x4 1) x1); (= x2 x3); (or (<= 0 x4) (<= x4 x3)),(and (<= (+ x4 1) x1) (and (= x2 x3) (or (<= 0 x4) (<= x4 x3)))),(define-fun InvF ((x1 Int) (x2 Int) (x3 Int) (x4 Int)) Bool (and (<= x1 0) (>= x1 (+ x4 1)) (= x2 x3) (or (>= x4 0) (<= x4 x3)))),(define-fun inv_fun ((x1 Int) (x2 Int) (x3 Int) (x4 Int)) Bool (and (<= x1 0) (and (>= x1 (+ x4 1)) (and (= x2 x3) (or (>= x4 0) (<= x4 x3))))))
cegar2_vars-new,(<= 1 x); (or (< m n) (<= n 1)),(not (and (<= n m) (not (<= n 1)))),(define-fun InvF ((x Int) (n Int) (m Int) (z1 Int) (z2 Int) (z3 Int)) Bool (and (>= m 1) (>= x 1) (>= x m) (or (<= n 1) (< m n)))),(define-fun inv_fun ((x Int) (n Int) (m Int) (z1 Int) (z2 Int) (z3 Int)) Bool (and (not (and (not (<= n 1)) (<= n m))) (>= x m) (>= m 1)))
sum1,(= (- i 1) sn); (or (<= sn n) (= 0 sn)),(ite (= 1 i) (= 0 sn) (ite (<= i n) (= (- i 1) sn) (= n sn))),(define-fun InvF ((i Int) (n Int) (sn Int)) Bool (and (= sn (- i 1)) (or (= sn 0) (<= sn n)))),(define-fun inv_fun ((i Int) (n Int) (sn Int)) Bool (ite (= i 1) (= sn 0) (ite (<= i n) (= sn (- i 1)) (= sn n))))
85_conf1,(or (< 0 y) (< x 0)),(or (and (= (- 15000) x) (= 3 conf_0)) (not (and (= conf_0 conf_0_1) (= x x_2) (= y y_1))) (not (and (not (< 0 y_1)) (not (< x_2 0))))),(define-fun InvF ((conf_0 Int) (x Int) (y Int) (conf_0_0 Int) (conf_0_1 Int) (conf_0_2 Int) (conf_0_3 Int) (x_0 Int) (x_1 Int) (x_2 Int) (x_3 Int) (y_0 Int) (y_1 Int) (y_2 Int)) Bool (or (< x 0) (> y 0))),(define-fun inv-f ((conf_0 Int) (x Int) (y Int) (conf_0_0 Int) (conf_0_1 Int) (conf_0_2 Int) (conf_0_3 Int) (x_0 Int) (x_1 Int) (x_2 Int) (x_3 Int) (y_0 Int) (y_1 Int) (y_2 Int)) Bool (or (and (= conf_0 3) (= x (- 15000))) (not (and (= conf_0 conf_0_1) (= x x_2) (= y y_1))) (not (and (not (< x_2 0)) (not (> y_1 0))))))
fib_18,(or (= b j) (not (= 1 flag))); (or (= 0 j) (= 1 flag)),(<= 0 b); (or (and (= 0 j) (not (= 1 flag))) (and (= 1 flag) (= b j))),(define-fun InvF ((b Int) (j Int) (n Int) (flag Int)) Bool (and (<= b n) (or (not (= flag 1)) (= j b)) (or (= flag 1) (= j 0)))),(define-fun inv_fun ((b Int) (j Int) (n Int) (flag Int)) Bool (and (>= b 0) (<= b n) (or (and (= flag 1) (= j b)) (and (not (= flag 1)) (= j 0)))))
121_conf5,(<= i 9); (= (- i 1) sn),(<= 0 sn); (<= sn 8); (=> (<= i 8) (<= sn i)); (=> (<= sn 0) (= 1 i)); (=> (<= sn 8) (= (+ sn 1) i)),(define-fun InvF ((i Int) (conf_0 Int) (conf_1 Int) (conf_2 Int) (conf_3 Int) (conf_4 Int) (sn Int) (i_0 Int) (i_1 Int) (i_2 Int) (i_3 Int) (conf_0_0 Int) (conf_0_1 Int) (conf_0_2 Int) (conf_1_0 Int) (conf_2_0 Int) (conf_2_1 Int) (conf_2_2 Int) (conf_3_0 Int) (conf_4_0 Int) (sn_0 Int) (sn_1 Int) (sn_2 Int) (sn_3 Int)) Bool (and (<= i 9) (= sn (- i 1)))),(define-fun inv-f ((i Int) (conf_0 Int) (conf_1 Int) (conf_2 Int) (conf_3 Int) (conf_4 Int) (sn Int) (i_0 Int) (i_1 Int) (i_2 Int) (i_3 Int) (conf_0_0 Int) (conf_0_1 Int) (conf_0_2 Int) (conf_1_0 Int) (conf_2_0 Int) (conf_2_1 Int) (conf_2_2 Int) (conf_3_0 Int) (conf_4_0 Int) (sn_0 Int) (sn_1 Int) (sn_2 Int) (sn_3 Int)) Bool (and (<= 0 sn) (<= sn 8) (=> (<= i 8) (<= sn i)) (=> (<= sn 0) (= i 1)) (=> (<= sn 8) (= i (+ sn 1)))))
43_conf5,NONE,(<= 6 conf_0); (<= 9 conf_1); (<= 1 conf_2); (<= 6 conf_3); (<= 3 conf_4); (= 0 c),(define-fun InvF ((c Int) (conf_0 Int) (conf_1 Int) (conf_2 Int) (conf_3 Int) (conf_4 Int) (n Int) (tmp Int) (c_0 Int) (c_1 Int) (c_2 Int) (c_3 Int) (c_4 Int) (c_5 Int) (conf_0_0 Int) (conf_0_1 Int) (conf_0_2 Int) (conf_0_3 Int) (conf_1_0 Int) (conf_2_0 Int) (conf_3_0 Int) (conf_3_1 Int) (conf_3_2 Int) (conf_3_3 Int) (conf_4_0 Int) (n_0 Int)) Bool (> n 0)),(define-fun inv-f ((c Int) (conf_0 Int) (conf_1 Int) (conf_2 Int) (conf_3 Int) (conf_4 Int) (n Int) (tmp Int) (c_0 Int) (c_1 Int) (c_2 Int) (c_3 Int) (c_4 Int) (c_5 Int) (conf_0_0 Int) (conf_0_1 Int) (conf_0_2 Int) (conf_0_3 Int) (conf_1_0 Int) (conf_2_0 Int) (conf_3_0 Int) (conf_3_1 Int) (conf_3_2 Int) (conf_3_3 Int) (conf_4_0 Int) (n_0 Int)) Bool (and (>= conf_0 6) (>= conf_1 9) (>= conf_2 1) (>= conf_3 6) (>= conf_4 3) (= c 0) (> n 0)))
anfp-new,(<= y x),(<= (- y x) 0),(define-fun InvF ((x Int) (y Int)) Bool (and (>= y 0) (>= x 1) (>= x y))),(define-fun inv_fun ((x Int) (y Int)) Bool (and (<= 0 y) (<= 1 x) (<= (- y x) 0)))
48_conf1,(< 0 n),(<= 0 n),(define-fun InvF ((c Int) (conf_0 Int) (n Int) (tmp Int) (c_0 Int) (c_1 Int) (c_2 Int) (c_3 Int) (c_4 Int) (c_5 Int) (conf_0_0 Int) (conf_0_1 Int) (conf_0_2 Int) (conf_0_3 Int) (conf_0_4 Int) (n_0 Int)) Bool (> n 0)),(define-fun inv-f ((c Int) (conf_0 Int) (n Int) (tmp Int) (c_0 Int) (c_1 Int) (c_2 Int) (c_3 Int) (c_4 Int) (c_5 Int) (conf_0_0 Int) (conf_0_1 Int) (conf_0_2 Int) (conf_0_3 Int) (conf_0_4 Int) (n_0 Int)) Bool (>= n 0))
array_simp,(or (< x size) (<= size 0) (<= y z)),(or (and (< x size) (< z y) (<= 0 x)) (not (and (< 0 size) (and (< z y) (<= size x))))),(define-fun InvF ((x Int) (y Int) (z Int) (size Int)) Bool (or (< x size) (>= z y) (<= size 0))),(define-fun inv_fun ((x Int) (y Int) (z Int) (size Int)) Bool (or (and (< z y) (>= x 0) (< x size)) (not (and (and (>= x size) (< z y)) (> size 0)))))
48.c,(<= 0 n),(or (and (< 0 n) (= 0 c)) (and (<= 0 n) (<= 1 c))),(define-fun InvF ((c Int) (n Int) (tmp Int) (c_0 Int) (c_1 Int) (c_2 Int) (c_3 Int) (c_4 Int) (c_5 Int) (n_0 Int)) Bool (>= n 0)),(define-fun inv-f ((c Int) (n Int) (tmp Int) (c_0 Int) (c_1 Int) (c_2 Int) (c_3 Int) (c_4 Int) (c_5 Int) (n_0 Int)) Bool (or (and (= c 0) (> n 0)) (and (>= c 1) (>= n 0))))
array-copyall-bool,NO_CORRECT_RESPONSE,NO_CORRECT_RESPONSE,NO_CORRECT_RESPONSE,(define-fun inv_fun ((a1 (Array Int Bool)) (a2 (Array Int Bool)) (n Int) (i Int)) Bool (and (>= i 0) (forall ((j Int)) (=> (and (<= 0 j) (< j i)) (= (select a1 j) (select a2 j))))))
